[
  {
  "id": 1001,
  "nome": "Ana Silva",
  "numero": "(11) 98765-4321",
  "cpf": "123.456.789-00",
  "img_capa": "https://encrypted-tbn0.gstatic.com/images?q=tbn:ANd9GcT6I8uJ686VUP4FveA8t5rUDGp1v5X_EcOnkA&usqp=CAU"
  },
  {
  "id": 1002,
  "nome": "Pedro Santos",
  "numero": "(21) 5555-1234",
  "cpf": "987.654.321-00",
  "img_capa": "https://www.agendartecultura.com.br/wp-content/uploads/2022/12/meneson.jpg"
  },
  {
  "id": 1003,
  "nome": "Maria Oliveira",
  "numero": "(31) 3333-7777",
  "cpf": "555.444.333-22",
  "img_capa": "https://brasil.angloamerican.com/~/media/Images/A/Anglo-American-Group-v5/Brazil/landing-signposts/carreiras/camilaPereira.jpg?h=612&iar=0&w=606"
  },
  {
  "id": 1004,
  "nome": "João Costa",
  "numero": "(41) 98765-1111",
  "cpf": "777.888.999-11",
  "img_capa": "https://cajamar.sp.gov.br/noticias/wp-content/uploads/sites/2/2021/08/site-vacinacao-26-anos.png"
  },
  {
  "id": 1005,
  "nome": "Laura Pereira",
  "numero": "(51) 1234-5678",
  "cpf": "222.333.444-55",
  "img_capa": "https://cajamar.sp.gov.br/noticias/wp-content/uploads/sites/2/2021/08/ed5d55c8-3966-4114-8ce4-9b9d0d25effd.png"
  },
  {
  "id": 1006,
  "nome": "Rodrigo Fernandes",
  "numero": "(61) 9999-8888",
  "cpf": "444.555.666-88",
  "img_capa": "https://s2.glbimg.com/jsaPuF7nO23vRxQkuJ_V3WgouKA=/e.glbimg.com/og/ed/f/original/2014/06/10/461777879.jpg"
  },
  {
  "id": 1007,
  "nome": "Isabela Souza",
  "numero": "(71) 7654-4321",
  "cpf": "666.777.888-99",
  "img_capa": "https://classic.exame.com/wp-content/uploads/2019/02/site-mostra-fotos-de-pessoas-que-nacc83o-existem.png?w=680"
  },
  {
  "id": 1008,
  "nome": "Rafael Lima",
  "numero": "(81) 2345-6789",
  "cpf": "888.999.000-11",
  "img_capa": "https://i0.wp.com/engenharia360.com/wp-content/uploads/2019/05/esta-pessoa-nao-existe-engenharia-360-2.png?resize=791%2C783&ssl=1"
  },
  {
  "id": 1009,
  "nome": "Camila Almeida",
  "numero": "(85) 8765-4321",
  "cpf": "999.000.111-22",
  "img_capa": "https://dentistaubatuba.com.br/wp-content/uploads/2021/06/o-que-as-pessoas-bonitas-tem-em-comum-2.jpg"
  },
  {
  "id": 1010,
  "nome": "Gustavo Santos",
  "numero": "(91) 5432-1098",
  "cpf": "111.222.333-44",
  "img_capa": "https://images.pexels.com/photos/1222271/pexels-photo-1222271.jpeg?cs=srgb&dl=pexels-justin-shaifer-1222271.jpg&fm=jpg"
  }
]